{
    "a": [
        1.0,
        0.1751195788383484,
        0.4517047107219696
    ]
}{
    "a": [
        [
            19
        ],
        [
            19,
            36,
            49
        ]
    ]
}{
    "a": [
        19,
        36,
        49
    ]
}{
    "a": 30
}{
    "final_cp_result": [
        19,
        36,
        49
    ],
    "final_cp_llr": [
        1.0,
        0.1751195788383484,
        0.4517047107219696
    ],
    "type": "audio",
    "time_processing": 132,
    "individual_cp": [
        [
            19
        ],
        [
            19,
            36,
            49
        ]
    ],
    "length_audio": 30
}